{
  "messages": [],
  "routes": {
    "fieldAliases": {
      "ObjectID": "ObjectID",
      "FacilityID": "FacilityID",
      "FacilityRank": "FacilityRank",
      "Name": "Name",
      "IncidentCurbApproach": "IncidentCurbApproach",
      "FacilityCurbApproach": "FacilityCurbApproach",
      "IncidentID": "IncidentID",
      "Total_TravelTime": "Total_TravelTime",
      "Total_Kilometers": "Total_Kilometers",
      "Total_Miles": "Total_Miles",
      "Shape_Length": "Shape_Length"
    },
    "geometryType": "esriGeometryPolyline",
    "spatialReference": {
      "wkid": 102100,
      "latestWkid": 3857
    },
    "features": [
      {
        "attributes": {
          "ObjectID": 1,
          "FacilityID": 4,
          "FacilityRank": 1,
          "Name": "Station 39 - Location 1",
          "IncidentCurbApproach": 2,
          "FacilityCurbApproach": 1,
          "IncidentID": 1,
          "Total_TravelTime": 1.7600910249204684,
          "Total_Kilometers": 1.0394628115064781,
          "Total_Miles": 0.6458922464721514,
          "Shape_Length": 1309.3896042400702
        },
        "geometry": {
          "paths": [
            [
              [-13631945.0834, 4542876.163199998],
              [-13631904.317499999, 4542899.317500003]
            ]
          ]
        }
      },
      {
        "attributes": {
          "ObjectID": 2,
          "FacilityID": 2,
          "FacilityRank": 2,
          "Name": "Station 20 - Location 1",
          "IncidentCurbApproach": 1,
          "FacilityCurbApproach": 1,
          "IncidentID": 1,
          "Total_TravelTime": 1.898575185300166,
          "Total_Kilometers": 0.9460863750832559,
          "Total_Miles": 0.5878708188449802,
          "Shape_Length": 1229.0645653105717
        },
        "geometry": {
          "paths": [
            [
              [-13631749.8412, 4544361.9076000005],
              [-13631561.4534, 4544343.7250000015]
            ]
          ]
        }
      }
    ]
  },
  "directions": [
    {
      "routeId": 1,
      "routeName": "Station 39 - Location 1",
      "summary": {
        "totalLength": 0.6458978652647239,
        "totalTime": 1.7600910260807723,
        "totalDriveTime": 1.7600910249204682,
        "envelope": {
          "xmin": -13631945.083355796,
          "ymin": 4542859.901880716,
          "xmax": -13631013.761512483,
          "ymax": 4543705.678939983,
          "spatialReference": {
            "wkid": 102100,
            "latestWkid": 3857
          }
        }
      },
      "features": [
        {
          "attributes": {
            "length": 0,
            "time": 0,
            "text": "Start at Station 39",
            "ETA": -2209161600000,
            "maneuverType": "esriDMTDepart"
          },
          "compressedGeometry": "+1-d00e8+4akcs+0+0"
        },
        {
          "attributes": {
            "length": 0.5233336473178214,
            "time": 1.4396464250141916,
            "text": "Go northeast on PORTOLA DR toward REX AVE",
            "ETA": -2209161600000,
            "maneuverType": "esriDMTStraight"
          },
          "compressedGeometry": "+1-d00e8+4akcs+19+n+40+2p+16+12+l+12+22+45+1j+21+1t+22+29+20+51+3n+1m+u+2r+16"
        },
        {
          "attributes": {
            "length": 0.1137367543451464,
            "time": 0.29078273135879606,
            "text": "Turn left on TWIN PEAKS BLVD",
            "ETA": -2209161600000,
            "maneuverType": "esriDMTTurnLeft"
          },
          "compressedGeometry": "+1-cvvln+4al2j-7+19+3+c+9+9+1o+8+i+9+23+1b"
        },
        {
          "attributes": {
            "length": 0.008827463601756125,
            "time": 0.02966186854748069,
            "text": "Make sharp left on PANORAMA DR",
            "ETA": -2209161600000,
            "maneuverType": "esriDMTSharpLeft"
          },
          "compressedGeometry": "+1-cvvh5+4al6d-c+d"
        },
        {
          "attributes": {
            "length": 0,
            "time": 0,
            "text": "Finish at Location 1",
            "ETA": -2209161600000,
            "maneuverType": "esriDMTStop"
          },
          "compressedGeometry": "+1-cvvhh+4al6q+0+0"
        }
      ]
    },
    {
      "routeId": 2,
      "routeName": "Station 20 - Location 1",
      "summary": {
        "totalLength": 0.5878759328933506,
        "totalTime": 1.8985751853324473,
        "totalDriveTime": 1.898575185300166,
        "envelope": {
          "xmin": -13631750.69648736,
          "ymin": 4543704.557076369,
          "xmax": -13631026.43439348,
          "ymax": 4544361.9075978,
          "spatialReference": {
            "wkid": 102100,
            "latestWkid": 3857
          }
        }
      },
      "features": [
        {
          "attributes": {
            "length": 0,
            "time": 0,
            "text": "Start at Station 20",
            "ETA": -2209161600000,
            "maneuverType": "esriDMTDepart"
          },
          "compressedGeometry": "+1-d0085+4alra+0+0"
        },
        {
          "attributes": {
            "length": 0.21782291983305227,
            "time": 0.6974671774325343,
            "text": "Go east on OLYMPIA WAY toward DELLBROOK AVE",
            "ETA": -2209161600000,
            "maneuverType": "esriDMTStraight"
          },
          "compressedGeometry": "+1-d0085+4alra+37-4+2m-e+3g-a+4a+6"
        },
        {
          "attributes": {
            "length": 0.3700530130602983,
            "time": 1.2011080078676315,
            "text": "Turn right on PANORAMA DR",
            "ETA": -2209161600000,
            "maneuverType": "esriDMTTurnRight"
          },
          "compressedGeometry": "+1-cvvqe+4alqk+6-c6+a-t+4e-5s+h-7+2k+0+q-k"
        },
        {
          "attributes": {
            "length": 0,
            "time": 0,
            "text": "Finish at Location 1",
            "ETA": -2209161600000,
            "maneuverType": "esriDMTStop"
          },
          "compressedGeometry": "+1-cvvhh+4al6q+0+0"
        }
      ]
    }
  ]
}
