{
  "messages": [],
  "odCostMatrix": {
    "costAttributeNames": ["TravelTime", "Miles", "Kilometers"],
    "1": {
      "1": [0, 0, 0],
      "2": [157.0376430630198, 124.20114191467465, 199.88236253353011]
    },
    "2": {
      "1": [158.82792954092292, 124.16291635554705, 199.82084445930158],
      "2": [0, 0, 0]
    }
  }
}
